fecha,Base,Conservador,Estrés (tipo 2020),Base_P10,Base_P90,Base_P05,Base_P95,Ref_ETS_sin_SMMLV
2026-01-01,245361338347.0,213042086894.0,196832231841.0,236887840323.0,261374972252.0,231538754221.0,264276589391.0,213033011406.0
2026-02-01,258928668250.0,224822313949.0,207716130025.0,249986625573.0,275827780917.0,244341760127.0,278889843860.0,226318133159.0
2026-03-01,269489776713.0,233992302188.0,216188396127.0,260183008557.0,287078165554.0,254307901953.0,290265123044.0,233217208301.0
2026-04-01,262839224168.0,228217767361.0,210853231633.0,253762131331.0,279993561277.0,248032012436.0,283101870039.0,228321041168.0
2026-05-01,270835439817.0,235160713144.0,217267905530.0,261482199492.0,288511654052.0,255577756287.0,291714525212.0,239849981339.0
2026-06-01,280012102092.0,243128615891.0,224629549906.0,270341947822.0,298287235909.0,264237445565.0,301598629302.0,244018501251.0
2026-07-01,267671671303.0,232413679519.0,214729887023.0,258427691004.0,285141400559.0,252592220646.0,288306857328.0,233881258237.0
2026-08-01,265297235767.0,230352007108.0,212825082260.0,256135256059.0,282611996267.0,250351550418.0,285749373213.0,230452823477.0
2026-09-01,272686362712.0,236767830544.0,218752741270.0,263269201185.0,290483378381.0,257324406285.0,293708138358.0,240545214848.0
2026-10-01,274844367094.0,238641580338.0,220483921992.0,265352679377.0,292782226029.0,259360838143.0,296032506337.0,239059101659.0
2026-11-01,284766767149.0,247256991506.0,228443807446.0,274932411602.0,303352216625.0,268724253598.0,306719838183.0,248723933666.0
2026-12-01,293295718547.0,254662500528.0,235285849270.0,283166817603.0,312437814421.0,276772721197.0,315906298453.0,257736353909.0
